{
  "hash": "c2751030",
  "configHash": "a33272f3",
  "lockfileHash": "285e07c0",
  "browserHash": "5151e742",
  "optimized": {
    "@angular/common": {
      "src": "../../../../../../node_modules/@angular/common/fesm2022/common.mjs",
      "file": "@angular_common.js",
      "fileHash": "afe5af0e",
      "needsInterop": false
    },
    "@angular/common/http": {
      "src": "../../../../../../node_modules/@angular/common/fesm2022/http.mjs",
      "file": "@angular_common_http.js",
      "fileHash": "83131c14",
      "needsInterop": false
    },
    "@angular/core": {
      "src": "../../../../../../node_modules/@angular/core/fesm2022/core.mjs",
      "file": "@angular_core.js",
      "fileHash": "ba94775a",
      "needsInterop": false
    },
    "@angular/forms": {
      "src": "../../../../../../node_modules/@angular/forms/fesm2022/forms.mjs",
      "file": "@angular_forms.js",
      "fileHash": "f43d7842",
      "needsInterop": false
    },
    "@angular/platform-browser": {
      "src": "../../../../../../node_modules/@angular/platform-browser/fesm2022/platform-browser.mjs",
      "file": "@angular_platform-browser.js",
      "fileHash": "16dc138e",
      "needsInterop": false
    },
    "@angular/router": {
      "src": "../../../../../../node_modules/@angular/router/fesm2022/router.mjs",
      "file": "@angular_router.js",
      "fileHash": "cf5a789f",
      "needsInterop": false
    },
    "rxjs": {
      "src": "../../../../../../node_modules/rxjs/dist/esm5/index.js",
      "file": "rxjs.js",
      "fileHash": "56afcb48",
      "needsInterop": false
    }
  },
  "chunks": {
    "chunk-NU737WT4": {
      "file": "chunk-NU737WT4.js"
    },
    "chunk-FN7VH2HJ": {
      "file": "chunk-FN7VH2HJ.js"
    },
    "chunk-CMR2SBP4": {
      "file": "chunk-CMR2SBP4.js"
    },
    "chunk-M2QAQAW2": {
      "file": "chunk-M2QAQAW2.js"
    },
    "chunk-5ZWKBG32": {
      "file": "chunk-5ZWKBG32.js"
    },
    "chunk-S35MAB2V": {
      "file": "chunk-S35MAB2V.js"
    }
  }
}